Datetime,Water Level (m)
2025-05-20 12:00:00,-0.00043538527
2025-05-20 13:00:00,-0.00033625044
2025-05-20 14:00:00,-0.00026502524
2025-05-20 15:00:00,-0.00019200842
2025-05-20 16:00:00,-0.00011961954
2025-05-20 17:00:00,-8.342975e-05
2025-05-20 18:00:00,-8.350869e-05
2025-05-20 19:00:00,-0.000108703825
2025-05-20 20:00:00,-0.00022338456
2025-05-20 21:00:00,-0.00031305818
2025-05-20 22:00:00,-0.0003965622
2025-05-20 23:00:00,-0.00043510046
2025-05-21 00:00:00,-0.00039737884
2025-05-21 01:00:00,-0.00030576973
2025-05-21 02:00:00,-0.00023123964
2025-05-21 03:00:00,-0.00016970838
2025-05-21 04:00:00,-0.0001071059
2025-05-21 05:00:00,-8.377353e-05
2025-05-21 06:00:00,-8.920277e-05
2025-05-21 07:00:00,-0.00013808966
2025-05-21 08:00:00,-0.00026588616
2025-05-21 09:00:00,-0.00038098876
2025-05-21 10:00:00,-0.0004905725
2025-05-21 11:00:00,-0.00057462894
2025-05-21 12:00:00,-0.00057147734
2025-05-21 13:00:00,-0.0004466113
2025-05-21 14:00:00,-0.00034128365
2025-05-21 15:00:00,-0.00026400216
2025-05-21 16:00:00,-0.00018974087
2025-05-21 17:00:00,-0.000118098025
2025-05-21 18:00:00,-8.767275e-05
2025-05-21 19:00:00,-9.278737e-05
2025-05-21 20:00:00,-9.517914e-05
2025-05-21 21:00:00,-0.00021765016
2025-05-21 22:00:00,-0.00034157047
2025-05-21 23:00:00,-0.00045691137
2025-05-22 00:00:00,-0.0005183854
2025-05-22 01:00:00,-0.000497318
2025-05-22 02:00:00,-0.00039369133
2025-05-22 03:00:00,-0.00028945282
2025-05-22 04:00:00,-0.00021771893
2025-05-22 05:00:00,-0.00014846369
2025-05-22 06:00:00,-8.65078e-05
2025-05-22 07:00:00,-8.364286e-05
2025-05-22 08:00:00,-9.842191e-05
2025-05-22 09:00:00,-0.00024540295
2025-05-22 10:00:00,-0.00037917425
2025-05-22 11:00:00,-0.0005168695
2025-05-22 12:00:00,-0.0006321549
2025-05-22 13:00:00,-0.0006317908
2025-05-22 14:00:00,-0.00050371693
2025-05-22 15:00:00,-0.00037550717
2025-05-22 16:00:00,-0.00028648778
2025-05-22 17:00:00,-0.0002012254
2025-05-22 18:00:00,-0.00012084227
2025-05-22 19:00:00,-9.4228126e-05
2025-05-22 20:00:00,-9.791302e-05
2025-05-22 21:00:00,-9.8840756e-05
2025-05-22 22:00:00,-0.0002326246
2025-05-22 23:00:00,-0.0003980718
2025-05-23 00:00:00,-0.00055780326
2025-05-23 01:00:00,-0.000673375
2025-05-23 02:00:00,-0.0006440258
2025-05-23 03:00:00,-0.0004835567
2025-05-23 04:00:00,-0.00035847936
2025-05-23 05:00:00,-0.00026958183
2025-05-23 06:00:00,-0.00018836679
2025-05-23 07:00:00,-0.0001228132
2025-05-23 08:00:00,-9.085365e-05
2025-05-23 09:00:00,-9.913436e-05
2025-05-23 10:00:00,-0.00026061354
2025-05-23 11:00:00,-0.00042057838
2025-05-23 12:00:00,-0.0005758307
2025-05-23 13:00:00,-0.0007103553
2025-05-23 14:00:00,-0.0007004899
2025-05-23 15:00:00,-0.000532231
2025-05-23 16:00:00,-0.0003834367
2025-05-23 17:00:00,-0.00028898488
2025-05-23 18:00:00,-0.00020079223
2025-05-23 19:00:00,-0.00011990792
2025-05-23 20:00:00,-9.57635e-05
2025-05-23 21:00:00,-0.00010073625
2025-05-23 22:00:00,-0.00010517197
2025-05-23 23:00:00,-0.00028078252
2025-05-24 00:00:00,-0.00048105934
2025-05-24 01:00:00,-0.00070007576
2025-05-24 02:00:00,-0.00083607796
2025-05-24 03:00:00,-0.00078033016
2025-05-24 04:00:00,-0.00056594977
2025-05-24 05:00:00,-0.00041028348
2025-05-24 06:00:00,-0.00030934435
2025-05-24 07:00:00,-0.0002127439
2025-05-24 08:00:00,-0.00013360522
2025-05-24 09:00:00,-7.944966e-05
2025-05-24 10:00:00,-8.40866e-05
2025-05-24 11:00:00,-0.00026379438
2025-05-24 12:00:00,-0.00045677493
2025-05-24 13:00:00,-0.00064530625
2025-05-24 14:00:00,-0.0007785496
2025-05-24 15:00:00,-0.0007478263
2025-05-24 16:00:00,-0.00053696043
2025-05-24 17:00:00,-0.00038581656
2025-05-24 18:00:00,-0.00029011493
2025-05-24 19:00:00,-0.00019936284
2025-05-24 20:00:00,-0.00011803994
2025-05-24 21:00:00,-8.94528e-05
2025-05-24 22:00:00,-9.4827104e-05
2025-05-24 23:00:00,-0.00011178326
2025-05-25 00:00:00,-0.00033458386
2025-05-25 01:00:00,-0.00057745987
2025-05-25 02:00:00,-0.0008692355
2025-05-25 03:00:00,-0.0009840272
2025-05-25 04:00:00,-0.00085322495
2025-05-25 05:00:00,-0.00058274396
2025-05-25 06:00:00,-0.00042302607
2025-05-25 07:00:00,-0.00031673984
2025-05-25 08:00:00,-0.00021633037
2025-05-25 09:00:00,-0.00012896488
2025-05-25 10:00:00,-7.061266e-05
2025-05-25 11:00:00,-8.617634e-05
2025-05-25 12:00:00,-0.00026303667
2025-05-25 13:00:00,-0.00047348344
2025-05-25 14:00:00,-0.0006700328
2025-05-25 15:00:00,-0.00079700106
2025-05-25 16:00:00,-0.0007143085
2025-05-25 17:00:00,-0.0004680283
2025-05-25 18:00:00,-0.00033144766
2025-05-25 19:00:00,-0.00024063687
2025-05-25 20:00:00,-0.00015532119
2025-05-25 21:00:00,-9.091982e-05
2025-05-25 22:00:00,-9.539959e-05
2025-05-25 23:00:00,-0.00010152485
2025-05-26 00:00:00,-0.00015074504
2025-05-26 01:00:00,-0.00038523687
2025-05-26 02:00:00,-0.00067698286
2025-05-26 03:00:00,-0.0009785165
2025-05-26 04:00:00,-0.0010514279
2025-05-26 05:00:00,-0.00088827644
2025-05-26 06:00:00,-0.0005950059
2025-05-26 07:00:00,-0.00043382047
2025-05-26 08:00:00,-0.00032515757
2025-05-26 09:00:00,-0.00022624622
2025-05-26 10:00:00,-0.00014289877
2025-05-26 11:00:00,-8.4736384e-05
2025-05-26 12:00:00,-9.4396244e-05
